Barcode1	AACAAGGTAC
Barcode2	AACAATCAGG
Barcode3	AACATGGAGA
Barcode4	AACATTACCG
Barcode5	AACCGCGACT
Barcode6	AACCGGAAGG
Barcode7	AACCTCATAG
Barcode8	AACGTAAGCT
Barcode9	AAGACGGATT
Barcode10	AAGATCGGCG
Barcode11	AAGCGATGTT
Barcode12	AAGCGTTCAG
Barcode13	AAGGTCTGGA
Barcode14	AAGTTAGCGC
Barcode15	AATAGCCACA
Barcode16	AATCACGCGA
Barcode17	AACACCTAGT
Barcode18	AACAGGCAAT
Barcode19	AACCAGCCAG
Barcode20	AACCAGTTGA
Barcode21	AACCGGCGTA
Barcode22	AACCTAGTCC
Barcode23	AACTCTACAC
Barcode24	AACTGTGTCA
Barcode25	AAGATGTCCA
Barcode26	AAGCATATGG
Barcode27	AAGCTCACCT
Barcode28	AAGGCATGCG
Barcode29	AAGTTCCTTG
Barcode30	AATACCGGTA
Barcode31	AATCCATCTG
Barcode32	AATCCGCTCC
Barcode33	AATCCTACCA
Barcode34	AATCGTCCGC
Barcode35	AATGAGAGCA
Barcode36	AATGTCAGTG
Barcode37	ACAACAGTCG
Barcode38	ACAACCATAC
Barcode39	ACACAATCTC
Barcode40	ACACAGTGAA
Barcode41	ACACGGTCCT
Barcode42	ACACTTGCTG
Barcode43	ACCAGGACCA
Barcode44	ACCATAACAC
Barcode45	ACCGGTACAG
Barcode46	ACCGTACTTC
Barcode47	ACCTGTCCGA
Barcode48	ACCTTATGTG
Barcode49	AATGAACACG
Barcode50	AATGACCTTC
Barcode51	AATTAGGCCG
Barcode52	AATTGCGATG
Barcode53	ACAACGGAGC
Barcode54	ACAAGCGCGA
Barcode55	ACACCGAATT
Barcode56	ACACGCAGTA
Barcode57	ACAGTGCCAA
Barcode58	ACATGTGTGC
Barcode59	ACCGAACCGT
Barcode60	ACCGAGAGTC
Barcode61	ACCTCCGACA
Barcode62	ACCTCTCTCC
Barcode63	ACGAATGACA
Barcode64	ACGCCTCAAC
Barcode65	ACGCCTTCGT
Barcode66	ACGCTGGATA
Barcode67	ACGTGCTGAT
Barcode68	ACTCCAAGCC
Barcode69	ACTTAACTGC
Barcode70	ACTTCATCAC
Barcode71	ACTTGAGGAA
Barcode72	ACTTGTAAGG
Barcode73	AGACCGTTAT
Barcode74	AGACTAGCAT
Barcode75	AGAGTGTAAC
Barcode76	AGAGTTCTGC
Barcode77	AGCATGTCAT
Barcode78	AGCCACTAGC
Barcode79	AGCGATAACG
Barcode80	AGCGTACAAT
Barcode81	ACGGTCCGTT
Barcode82	ACGTAGGCAC
Barcode83	ACTGGCGCAT
Barcode84	ACTGGCTTCC
Barcode85	ACTTCGTTGA
Barcode86	ACTTCTCCTG
Barcode87	AGAACCACGG
Barcode88	AGAAGCAATC
Barcode89	AGAGATGCAG
Barcode90	AGAGCTTACA
Barcode91	AGATAGTGCT
Barcode92	AGCAATGCGC
Barcode93	AGCCAGAATA
Barcode94	AGCCAGCTCT
Barcode95	AGCTATTCCA
Barcode96	AGCTCCTCAG
